Symbol,Company Name,Security Type,Security Price,Sector,Industry,Sub-Industry,Market Capitalization,% Price Change Today,Equity Summary Score from StarMine from Refinitiv
CDXI,Cardax Inc,Common Stock,1.26,Health Care,Pharmaceuticals,Pharmaceuticals,$1.01M,,
CHMJF,Chemistree Technology Inc,Common Stock,0.0412,Health Care,Pharmaceuticals,Pharmaceuticals,$1.56M,3,
ENDV,Endonovo Therapeutics Inc,Common Stock,0.02865,Health Care,Biotechnology,Biotechnology,$1.68M,3.05755,
CAPS,Capstone Therapeutics Corp,Common Stock,36.01,Health Care,Biotechnology,Biotechnology,$1.94M,,
RSPI,RespireRx Pharmaceuticals Inc,Common Stock,0.0225,Health Care,Pharmaceuticals,Pharmaceuticals,$2.60M,-22.41379,
KDCE,Kid Castle Educational Corp,Common Stock,0.003,Health Care,Pharmaceuticals,Pharmaceuticals,$2.77M,,
RASP,Rasna Therapeutics Inc,Common Stock,0.05,Health Care,Biotechnology,Biotechnology,$3.45M,,
SGBI,Sangui Biotech International Inc,Common Stock,0.0168,Health Care,Biotechnology,Biotechnology,$3.48M,,
KAYS,Kaya Holdings Inc,Common Stock,0.2845,Health Care,Pharmaceuticals,Pharmaceuticals,$3.75M,9.42308,
POTVF,Potent Ventures Inc,Common Stock,0.0389,Health Care,Pharmaceuticals,Pharmaceuticals,$3.80M,-17.84583,
NPTX,Neuropathix Inc,Common Stock,0.0482,Health Care,Pharmaceuticals,Pharmaceuticals,$3.84M,10.55046,
ISCO,International Stem Cell Corp,Common Stock,0.51,Health Care,Biotechnology,Biotechnology,$4.21M,-5.99078,
NXEN,Nexien BioPharma Inc,Common Stock,0.081,Health Care,Pharmaceuticals,Pharmaceuticals,$4.70M,-4.25532,
FNNZF,FinCanna Capital Corp,Common Stock,0.0471,Health Care,Pharmaceuticals,Pharmaceuticals,$4.87M,-4.55927,
VNNYF,Vinergy Capital Inc,Common Stock,0.0679,Health Care,Pharmaceuticals,Pharmaceuticals,$4.98M,5.27132,
LVCLY,Living Cell Technologies Ltd,Depository Receipt,0.1,Health Care,Biotechnology,Biotechnology,$5.71M,,
QRON,Qrons Inc,Common Stock,0.44,Health Care,Biotechnology,Biotechnology,$5.85M,0,
IPCIF,IntelliPharmaCeutics International Inc,Common Stock,0.1605,Health Care,Pharmaceuticals,Pharmaceuticals,$5.96M,-10.83333,
WPHM,Winston Pharmaceuticals Inc,Common Stock,0.08,Health Care,Pharmaceuticals,Pharmaceuticals,$6.19M,,
BIOIF,Biome Grow Inc,Common Stock,0.06144,Health Care,Pharmaceuticals,Pharmaceuticals,$6.38M,7.41259,
HCYT,H-CYTE Inc,Common Stock,0.045,Health Care,Biotechnology,Biotechnology,$6.51M,-0.22173,
MGWFF,Leaf Green World Inc,Common Stock,0.03726,Health Care,Pharmaceuticals,Pharmaceuticals,$6.52M,-7.77228,
MMJFF,Matica Enterprises Inc,Common Stock,0.0286,Health Care,Pharmaceuticals,Pharmaceuticals,$8.14M,10.8957,
CVGRF,City View Green Holdings Inc,Common Stock,0.0487,Health Care,Pharmaceuticals,Pharmaceuticals,$8.62M,,
CBDY,Target Group Inc,Common Stock,0.018,Health Care,Pharmaceuticals,Pharmaceuticals,$9.18M,12.5,
TDLAF,TBG Diagnostics Ltd,Common Stock,0.0471,Health Care,Biotechnology,Biotechnology,$10.25M,,
CANB,Can B Corp,Common Stock,0.66,Health Care,Pharmaceuticals,Pharmaceuticals,$10.58M,3.93701,
BBRRF,Blueberries Medical Corp,Common Stock,0.08,Health Care,Pharmaceuticals,Pharmaceuticals,$11.10M,2.5641,
SRUTF,Sproutly Canada Inc,Common Stock,0.04095,Health Care,Pharmaceuticals,Pharmaceuticals,$11.18M,-2.84698,
EXDI,Exactus Inc,Common Stock,0.101,Health Care,Pharmaceuticals,Pharmaceuticals,$11.38M,-0.6883,
MRVFF,Nuvo Pharmaceuticals Inc,Common Stock,1.05,Health Care,Pharmaceuticals,Pharmaceuticals,$11.50M,3.9604,
SPRCY,Therapix Biosciences Ltd,Depository Receipt,5.65,Health Care,Biotechnology,Biotechnology,$11.99M,-4.23729,
NMLSF,Nova Mentis Life Sciences Corp,Common Stock,0.11,Health Care,Biotechnology,Biotechnology,$12.09M,0,
FIORF,Fiore Cannabais Ltd,Common Stock,0.0731,Health Care,Pharmaceuticals,Pharmaceuticals,$12.49M,-8.73908,
AQSZF,Aequus Pharmaceuticals Inc,Common Stock,0.1,Health Care,Pharmaceuticals,Pharmaceuticals,$12.52M,5.9322,
SNOA,Sonoma Pharmaceuticals Inc,Common Stock,6.53,Health Care,Pharmaceuticals,Pharmaceuticals,$12.86M,6.17886,
OWPC,One World Pharma Inc,Common Stock,0.2205,Health Care,Pharmaceuticals,Pharmaceuticals,$13.52M,0.22727,
THCBF,THC Biomed International Ltd,Common Stock,0.085,Health Care,Pharmaceuticals,Pharmaceuticals,$13.54M,2.78114,
MHTX,Manhattan Scientifics Inc,Common Stock,0.025,Health Care,Biotechnology,Biotechnology,$14.68M,-4.7619,
SBUDF,Sugarbud Craft Growers Corp,Common Stock,0.0319,Health Care,Pharmaceuticals,Pharmaceuticals,$14.98M,2.57235,
GBLX,GB Sciences Inc,Common Stock,0.0496,Health Care,Pharmaceuticals,Pharmaceuticals,$14.99M,4.86258,
BICTF,Biocure Technology Inc,Common Stock,0.145,Health Care,Biotechnology,Biotechnology,$15.46M,,
BSTG,Biostage Inc,Common Stock,1.65,Health Care,Biotechnology,Biotechnology,$15.49M,0,
BIOAF,biOasis Technologies Inc,Common Stock,0.22146,Health Care,Biotechnology,Biotechnology,$15.87M,0.66364,
PLPRF,Plus Products Inc,Common Stock,0.367,Health Care,Pharmaceuticals,Pharmaceuticals,$15.92M,-0.27174,
KNBIF,Kane Biotech Inc,Common Stock,0.14,Health Care,Biotechnology,Biotechnology,$16.07M,,
NTEC,Intec Pharma Ltd,Common Stock,9.15,Health Care,Biotechnology,Biotechnology,$16.68M,1.10497,
CHOOF,Choom Holdings Inc,Common Stock,0.051,Health Care,Pharmaceuticals,Pharmaceuticals,$16.99M,-2.48566,
KOAN,Resonate Blends Inc,Common Stock,0.445,Health Care,Pharmaceuticals,Pharmaceuticals,$17.44M,1.13636,
VIVXF,Avivagen Inc,Common Stock,0.31,Health Care,Pharmaceuticals,Pharmaceuticals,$17.66M,,
SXTC,China SXT Pharmaceuticals Inc,Common Stock,1.26,Health Care,Pharmaceuticals,Pharmaceuticals,$18.31M,6.77966,
SNES,SenesTech Inc,Common Stock,1.52,Health Care,Pharmaceuticals,Pharmaceuticals,$18.40M,0.66225,
EPGNY,Epigenomics AG,Depository Receipt,7.8,Health Care,Biotechnology,Biotechnology,$18.45M,,
XTLB,XTL Biopharmaceuticals,Depository Receipt,3.57,Health Care,Biotechnology,Biotechnology,$19.33M,-2.45902,
GPFT,Grapefruit USA Inc,Common Stock,0.04,Health Care,Pharmaceuticals,Pharmaceuticals,$19.66M,4.49321,
PMCBD,PharmaCyte Biotech Inc,Common Stock,12.5,Health Care,Biotechnology,Biotechnology,$19.88M,0,
BETRF,Betterlife Pharma Inc,Common Stock,0.255,Health Care,Pharmaceuticals,Pharmaceuticals,$20.07M,-1.17428,
INM,InMed Pharmaceuticals Inc,Common Stock,2.71,Health Care,Pharmaceuticals,Pharmaceuticals,$21.34M,2.26415,
CLSH,CLS Holdings USA Inc,Common Stock,0.16613,Health Care,Pharmaceuticals,Pharmaceuticals,$21.63M,-2.27647,
TGIFF,1933 Industries Inc,Common Stock,0.069,Health Care,Pharmaceuticals,Pharmaceuticals,$21.92M,-0.71942,
VRPX,Virpax Pharmaceuticals Inc,Common Stock,4.4,Health Care,Pharmaceuticals,Pharmaceuticals,$22.22M,-1.78571,
OILFF,Nextleaf Solutions Ltd,Common Stock,0.1775,Health Care,Pharmaceuticals,Pharmaceuticals,$22.74M,-2.85683,
TTNP,Titan Pharmaceuticals Inc,Common Stock,2.325,Health Care,Pharmaceuticals,Pharmaceuticals,$22.88M,0.21552,
ACAN,Americann Inc,Common Stock,0.99,Health Care,Pharmaceuticals,Pharmaceuticals,$22.99M,2.06186,
PSTV,Plus Therapeutics Inc,Common Stock,1.96,Health Care,Biotechnology,Biotechnology,$23.57M,0.51282,
QBIO,Q BioMed Inc,Common Stock,0.85,Health Care,Biotechnology,Biotechnology,$23.59M,-0.5848,
MYMX,Mymetics Corp,Common Stock,0.07555,Health Care,Biotechnology,Biotechnology,$23.69M,-3.14103,
PALI,Palisade Bio Inc,Common Stock,3.48,Health Care,Pharmaceuticals,Pharmaceuticals,$23.95M,6.42202,
SONN,Sonnet BioTherapeutics Holdings Inc,Common Stock,1.12,Health Care,Biotechnology,Biotechnology,$23.95M,0,
CNBX,Cannabics Pharmaceuticals Inc,Common Stock,0.17,Health Care,Pharmaceuticals,Pharmaceuticals,$24.49M,1.79641,
BLCM,Bellicum Pharmaceuticals Inc,Common Stock,3.08,Health Care,Biotechnology,Biotechnology,$24.52M,5.47945,
PHIO,Phio Pharmaceuticals Corp,Common Stock,1.82,Health Care,Biotechnology,Biotechnology,$24.63M,0,
ARTL,Artelo Biosciences Inc,Common Stock,1.05,Health Care,Pharmaceuticals,Pharmaceuticals,$25.23M,1.94175,
EYEG,Eyegate Pharmaceuticals Inc,Common Stock,3.21,Health Care,Pharmaceuticals,Pharmaceuticals,$26.76M,-14.85411,
VEXTF,Vext Science Inc,Common Stock,0.5889,Health Care,Pharmaceuticals,Pharmaceuticals,$27.15M,1.30741,
GNBT,Generex Biotechnology Corp,Common Stock,0.2313,Health Care,Biotechnology,Biotechnology,$27.39M,0.01297,
NBY,NovaBay Pharmaceuticals Inc,Common Stock,0.6404,Health Care,Pharmaceuticals,Pharmaceuticals,$27.48M,-2.24393,
IMRN,Immuron Ltd,Depository Receipt,4.8501,Health Care,Biotechnology,Biotechnology,$27.50M,,
GOVX,Geovax Labs Inc,Common Stock,5.09,Health Care,Biotechnology,Biotechnology,$27.59M,16.74312,
XBIO,Xenetic Biosciences PLC,Common Stock,3.185,Health Care,Biotechnology,Biotechnology,$27.73M,0.47319,
PVCT,Provectus Biopharmaceuticals Inc,Common Stock,0.069,Health Care,Pharmaceuticals,Pharmaceuticals,$28.05M,-0.71942,
VLON,Vallon Pharmaceuticals Inc,Common Stock,4.02,Health Care,Pharmaceuticals,Pharmaceuticals,$28.55M,-4.05728,
AVCNF,Avicanna Inc,Common Stock,0.7,Health Care,Pharmaceuticals,Pharmaceuticals,$28.89M,,
BNTC,Benitec Biopharma Ltd,Common Stock,3.67,Health Care,Biotechnology,Biotechnology,$29.22M,-1.34409,
EXPFF,Citizen Stash Cannabis Corp,Common Stock,0.2888,Health Care,Pharmaceuticals,Pharmaceuticals,$29.23M,-0.0692,
PTPI,Petros Pharmaceuticals Inc,Common Stock,3.094,Health Care,Pharmaceuticals,Pharmaceuticals,$29.69M,2.11221,
CYTR,CytRx Corp,Common Stock,0.7897,Health Care,Biotechnology,Biotechnology,$30.01M,1.25008,
SNPX,Synaptogenix,Common Stock,9.1,Health Care,Biotechnology,Biotechnology,$30.48M,4.71807,
CPHI,China Pharma Holdings Inc,Common Stock,0.7201,Health Care,Pharmaceuticals,Pharmaceuticals,$30.72M,2.14184,
PRFX,Painreform Ltd,Common Stock,2.88,Health Care,Pharmaceuticals,Pharmaceuticals,$30.89M,-6.18893,
EMHTF,Emerald Health Therapeutics Inc,Common Stock,0.1456,Health Care,Pharmaceuticals,Pharmaceuticals,$30.93M,0.41379,
CVALF,Covalon Technologies Ltd,Common Stock,1.2,Health Care,Biotechnology,Biotechnology,$30.98M,,
ATXI,Avenue Therapeutics Inc,Common Stock,1.89,Health Care,Pharmaceuticals,Pharmaceuticals,$30.98M,2.16216,Neutral
PTIX,Protagenic Therapeutics Inc,Common Stock,2.26,Health Care,Biotechnology,Biotechnology,$31.05M,6.60377,
ADTX,Aditxt Inc,Common Stock,2.17,Health Care,Biotechnology,Biotechnology,$31.42M,0.46296,
HOTH,Hoth Therapeutics Inc,Common Stock,1.36,Health Care,Pharmaceuticals,Pharmaceuticals,$31.75M,2.25564,
NLSP,NLS Pharmaceutics Ltd,Common Stock,2.78,Health Care,Pharmaceuticals,Pharmaceuticals,$32.46M,3.34572,
DLTNF,Delta 9 Cannabis Inc,Common Stock,0.3298,Health Care,Pharmaceuticals,Pharmaceuticals,$33.31M,1.06334,
HSTO,Histogen Inc,Common Stock,0.8273,Health Care,Biotechnology,Biotechnology,$33.71M,2.40129,
ACER,Acer Therapeutics Inc,Common Stock,2.4,Health Care,Pharmaceuticals,Pharmaceuticals,$33.77M,1.69492,
NDVAF,Indiva Ltd,Common Stock,0.26725,Health Care,Pharmaceuticals,Pharmaceuticals,$33.88M,7.26039,
PBLA,Panbela Therapeutics Inc,Common Stock,2.85,Health Care,Biotechnology,Biotechnology,$34.24M,11.76471,
LVCNF,Leviathan Natural Products Inc,Common Stock,0.4053,Health Care,Pharmaceuticals,Pharmaceuticals,$34.35M,,
LEXX,Lexaria Bioscience Corp,Common Stock,6.42,Health Care,Pharmaceuticals,Pharmaceuticals,$34.40M,-4.74777,
TMBR,Timber Pharmaceuticals Inc,Common Stock,0.9564,Health Care,Pharmaceuticals,Pharmaceuticals,$34.49M,2.16857,
PKTX,Protokinetix Inc,Common Stock,0.1255,Health Care,Biotechnology,Biotechnology,$34.74M,4.58333,
RNAZ,TransCode Therapeutics Inc,Common Stock,2.98,Health Care,Biotechnology,Biotechnology,$34.81M,2.4407,
EVOK,Evoke Pharma Inc,Common Stock,1.12,Health Care,Pharmaceuticals,Pharmaceuticals,$34.96M,3.7037,Bearish
CANF,Can Fite BioPharma Ltd,Depository Receipt,2.07,Health Care,Biotechnology,Biotechnology,$35.07M,1.47059,
VVCIF,VIVO Cannabis Inc,Common Stock,0.0945,Health Care,Pharmaceuticals,Pharmaceuticals,$35.35M,-0.83945,
APLIF,Appili Therapeutics Inc,Common Stock,0.6036,Health Care,Pharmaceuticals,Pharmaceuticals,$35.61M,6.51138,
LIXT,Lixte Biotechnology Holdings Inc,Common Stock,2.79,Health Care,Biotechnology,Biotechnology,$35.93M,6.08365,
BUDZ,WEED Inc,Common Stock,0.3,Health Care,Pharmaceuticals,Pharmaceuticals,$36.03M,-3.19458,
YTEN,Yield10 Bioscience Inc,Common Stock,7.68,Health Care,Biotechnology,Biotechnology,$36.22M,3.22581,
SLRX,Salarius Pharmaceuticals Inc,Common Stock,0.87,Health Care,Biotechnology,Biotechnology,$36.30M,7.31467,
MTP,Midatech Pharma PLC,Depository Receipt,1.94,Health Care,Biotechnology,Biotechnology,$36.63M,4.30108,
CURR,Cure Pharmaceutical Holding Corp,Common Stock,0.56,Health Care,Pharmaceuticals,Pharmaceuticals,$37.15M,-8.19672,
RGRX,RegeneRx Biopharmaceuticals Inc,Common Stock,0.29,Health Care,Biotechnology,Biotechnology,$37.37M,3.64546,
CYTO,Altamira Therapeutics Ltd,Common Stock,3.14,Health Care,Pharmaceuticals,Pharmaceuticals,$37.45M,7.90378,
ACOR,Acorda Therapeutics Inc,Common Stock,3.89,Health Care,Biotechnology,Biotechnology,$37.58M,-1.76768,
BMMJ,Body and Mind Inc,Common Stock,0.34495,Health Care,Pharmaceuticals,Pharmaceuticals,$38.03M,-1.06975,
SNGX,Soligenix Inc,Common Stock,0.997,Health Care,Biotechnology,Biotechnology,$39.28M,1.73469,
ENVB,Enveric Biosciences Inc,Common Stock,1.95,Health Care,Pharmaceuticals,Pharmaceuticals,$39.57M,5.40541,
HBORF,Harborside Inc,Common Stock,1.1993,Health Care,Pharmaceuticals,Pharmaceuticals,$40.03M,3.38793,
ACUR,Acura Pharmaceuticals Inc,Common Stock,0.575,Health Care,Pharmaceuticals,Pharmaceuticals,$40.36M,-7.25806,
TRVI,Trevi Therapeutics Inc,Common Stock,1.888,Health Care,Pharmaceuticals,Pharmaceuticals,$40.55M,0.42553,
ADIL,Adial Pharmaceuticals Inc,Common Stock,2.4,Health Care,Pharmaceuticals,Pharmaceuticals,$40.78M,3.00429,
ENZN,Enzon Pharmaceuticals Inc,Common Stock,0.505,Health Care,Biotechnology,Biotechnology,$40.81M,-8.16512,
IGXT,IntelGenx Technologies Corp,Common Stock,0.40886,Health Care,Pharmaceuticals,Pharmaceuticals,$40.91M,11.92445,
KHRNF,Khiron Life Sciences Corp,Common Stock,0.25538,Health Care,Pharmaceuticals,Pharmaceuticals,$41.89M,9.20209,
UNCY,Unicycive Therapeutics Inc,Common Stock,2.97,Health Care,Biotechnology,Biotechnology,$42.36M,-1.9802,
ABIO,ARCA biopharma Inc,Common Stock,3.04,Health Care,Biotechnology,Biotechnology,$42.94M,2.01342,
TLGT,Teligent Inc,Common Stock,0.49,Health Care,Pharmaceuticals,Pharmaceuticals,$43.61M,4.27751,
CNSP,CNS Pharmaceuticals Inc,Common Stock,1.72,Health Care,Pharmaceuticals,Pharmaceuticals,$43.62M,0,
KRBP,Kiromic BioPharma Inc,Common Stock,3.26,Health Care,Biotechnology,Biotechnology,$44.01M,13.98601,
BPTH,Bio-Path Holdings Inc,Common Stock,6.52,Health Care,Biotechnology,Biotechnology,$44.27M,2.51572,
ATHE,Alterity Therapeutics Ltd,Depository Receipt,1.3,Health Care,Biotechnology,Biotechnology,$44.34M,-0.76336,
TENX,Tenax Therapeutics Inc,Common Stock,1.78,Health Care,Biotechnology,Biotechnology,$45.11M,-0.55866,
VIRI,Virios Therapeutics Inc,Common Stock,5.58,Health Care,Biotechnology,Biotechnology,$45.73M,1.63934,
CYCC,Cyclacel Pharmaceuticals Inc,Common Stock,5.08,Health Care,Biotechnology,Biotechnology,$46.82M,0.19724,
WINT,Windtree Therapeutics Inc,Common Stock,1.88,Health Care,Biotechnology,Biotechnology,$47.00M,5.02793,
PULM,Pulmatrix Inc,Common Stock,0.8433,Health Care,Pharmaceuticals,Pharmaceuticals,$47.31M,0.27348,
ARFXF,ProMIS Neurosciences Inc,Common Stock,0.1612,Health Care,Biotechnology,Biotechnology,$48.80M,1.06583,
ACXP,Acurx Pharmaceuticals Inc,Common Stock,5.2,Health Care,Biotechnology,Biotechnology,$48.95M,1.36452,
JUVAF,Juva Life Inc,Common Stock,0.37784,Health Care,Pharmaceuticals,Pharmaceuticals,$49.05M,-2.86889,
BVXV,Biondvax Pharmaceuticals,Depository Receipt,3.28,Health Care,Pharmaceuticals,Pharmaceuticals,$49.30M,-4.65116,
QLGN,Qualigen Therapeutics Inc,Common Stock,1.75,Health Care,Biotechnology,Biotechnology,$49.30M,2.33918,
NAVB,Navidea Biopharmaceuticals Inc,Common Stock,1.7,Health Care,Biotechnology,Biotechnology,$49.92M,-1.16279,
ELTP,Elite Pharmaceuticals Inc,Common Stock,0.05,Health Care,Pharmaceuticals,Pharmaceuticals,$49.95M,1.0101,
BXRX,Baudax Bio Inc,Common Stock,0.6203,Health Care,Pharmaceuticals,Pharmaceuticals,$49.97M,4.62135,
CHALF,Chalice Brands Ltd,Common Stock,0.84,Health Care,Pharmaceuticals,Pharmaceuticals,$50.22M,-1.1881,
KTRA,Kintara Therapeutics Inc,Common Stock,1.58,Health Care,Biotechnology,Biotechnology,$50.23M,2.5974,
AGE,AgeX Therapeutics Inc,Common Stock,1.37,Health Care,Biotechnology,Biotechnology,$50.26M,3.39623,
MRZM,Marizyme Inc,Common Stock,1.4,Health Care,Biotechnology,Biotechnology,$50.30M,,
ASRT,Assertio Holdings Inc,Common Stock,1.19,Health Care,Pharmaceuticals,Pharmaceuticals,$50.83M,1.7094,
AZRX,AzurRx BioPharma Inc,Common Stock,0.5628,Health Care,Biotechnology,Biotechnology,$51.00M,1.40541,
CPIX,Cumberland Pharmaceuticals Inc,Common Stock,3.39,Health Care,Pharmaceuticals,Pharmaceuticals,$51.02M,0,Bearish
IDRA,Idera Pharmaceuticals Inc,Common Stock,1.03,Health Care,Biotechnology,Biotechnology,$51.03M,0.98039,
ASPCF,Acerus Pharmaceuticals Corp,Common Stock,0.0334,Health Care,Pharmaceuticals,Pharmaceuticals,$51.36M,,
RGLS,Regulus Therapeutics Inc,Common Stock,0.7184,Health Care,Biotechnology,Biotechnology,$52.22M,3.0703,
BBI,Brickell Biotech Inc,Common Stock,0.6867,Health Care,Biotechnology,Biotechnology,$52.73M,8.39779,
ANPC,AnPac Bio-Medical Science Co Ltd,Depository Receipt,3.77,Health Care,Biotechnology,Biotechnology,$53.21M,0,
DFFN,Diffusion Pharmaceuticals Inc,Common Stock,0.5531,Health Care,Biotechnology,Biotechnology,$53.29M,5.77548,
NBRV,Nabriva Therapeutics plc,Common Stock,1.08,Health Care,Pharmaceuticals,Pharmaceuticals,$53.36M,0,
OCUP,Ocuphire Pharma Inc,Common Stock,4.44,Health Care,Pharmaceuticals,Pharmaceuticals,$53.65M,3.98126,
CYTH,Cyclo Therapeutics Inc,Common Stock,8.5499,Health Care,Biotechnology,Biotechnology,$53.99M,0.70554,
WDDMF,Entourage Health Corp,Common Stock,0.2148,Health Care,Pharmaceuticals,Pharmaceuticals,$54.36M,-2.54083,
BCDA,BioCardia Inc,Common Stock,3.45,Health Care,Biotechnology,Biotechnology,$54.75M,5.82822,
IKT,Inhibikase Therapeutics Inc,Common Stock,2.27,Health Care,Biotechnology,Biotechnology,$54.79M,4.12844,
NGENF,Nervgen Pharma Corp,Common Stock,1.36,Health Care,Pharmaceuticals,Pharmaceuticals,$54.80M,-2.85714,
BIOC,Biocept Inc,Common Stock,4.16,Health Care,Biotechnology,Biotechnology,$54.95M,1.46341,
ARDS,Aridis Pharmaceuticals Inc,Common Stock,5.04,Health Care,Biotechnology,Biotechnology,$55.04M,2.85714,
SKYE,Skye Bioscience Inc,Common Stock,0.15,Health Care,Biotechnology,Biotechnology,$55.61M,0.33445,
UPC,Universe Pharmaceuticals Inc,Common Stock,2.4,Health Care,Pharmaceuticals,Pharmaceuticals,$55.90M,-6.61479,
HERTF,Heritage Cannabis Holdings Corp,Common Stock,0.07,Health Care,Pharmaceuticals,Pharmaceuticals,$56.38M,-2.77778,
NNVC,NanoViricides Inc,Common Stock,4.57,Health Care,Biotechnology,Biotechnology,$56.60M,-7.11382,
AUSAF,Australis Capital Inc,Common Stock,0.2097,Health Care,Pharmaceuticals,Pharmaceuticals,$56.61M,-0.61611,
CLRB,Cellectar Biosciences Inc,Common Stock,1.12,Health Care,Biotechnology,Biotechnology,$56.94M,3.7037,
HUGE,FSD Pharma Inc,Common Stock,1.71,Health Care,Pharmaceuticals,Pharmaceuticals,$58.67M,4.90798,
CLCS,Cell Source Inc,Common Stock,1.8,Health Care,Biotechnology,Biotechnology,$58.79M,,
ADXS,Advaxis Inc,Common Stock,0.43,Health Care,Biotechnology,Biotechnology,$60.03M,4.31829,
ALIM,Alimera Sciences Inc,Common Stock,8.62,Health Care,Pharmaceuticals,Pharmaceuticals,$60.08M,-1.0333,Bearish
GLMD,Galmed Pharmaceuticals Ltd,Common Stock,2.46,Health Care,Biotechnology,Biotechnology,$60.45M,2.07469,
MBXBF,Microbix Biosystems Inc,Common Stock,0.49665,Health Care,Biotechnology,Biotechnology,$60.84M,1.15071,
OTLC,Oncotelic Therapeutics Inc,Common Stock,0.1739,Health Care,Biotechnology,Biotechnology,$61.41M,4.69597,
FLOOF,Flower One Holdings Inc,Common Stock,0.1486,Health Care,Pharmaceuticals,Pharmaceuticals,$61.42M,-2.87582,
DMAC,DiaMedica Therapeutics Inc,Common Stock,3.46,Health Care,Biotechnology,Biotechnology,$61.43M,5.8104,
CYAD,Celyad Oncology SA,Depository Receipt,4.19,Health Care,Biotechnology,Biotechnology,$61.48M,-4.98866,
STMH,Stem Holdings Inc,Common Stock,0.2864,Health Care,Pharmaceuticals,Pharmaceuticals,$61.70M,2.28571,
HCANF,Halo Collective Inc,Common Stock,0.034,Health Care,Pharmaceuticals,Pharmaceuticals,$62.25M,3.65854,
RVPH,Reviva Pharmaceuticals Holdings Inc,Common Stock,3.67,Health Care,Pharmaceuticals,Pharmaceuticals,$62.55M,1.10193,
AKTX,Akari Therapeutics Plc,Depository Receipt,1.63,Health Care,Pharmaceuticals,Pharmaceuticals,$63.04M,2.51572,
LUMO,Lumos Pharma Inc,Common Stock,7.59,Health Care,Biotechnology,Biotechnology,$63.34M,0,
UNRV,Unrivaled Brands Inc,Common Stock,0.27224,Health Care,Pharmaceuticals,Pharmaceuticals,$63.38M,0.45756,
PHGE/U,BiomX Inc,Unit Trust Fund,7.3401,Health Care,Biotechnology,Biotechnology,$64.23M,,
ALNA,Allena Pharmaceuticals Inc,Common Stock,0.9999,Health Care,Biotechnology,Biotechnology,$65.08M,14.14384,Bullish
EDSA,Edesa Biotech Inc,Common Stock,5,Health Care,Biotechnology,Biotechnology,$65.22M,1.62602,
ACHV,Achieve Life Sciences Inc,Common Stock,7.33,Health Care,Biotechnology,Biotechnology,$65.30M,1.10345,
PTE,PolarityTE Inc,Common Stock,0.8678,Health Care,Biotechnology,Biotechnology,$65.36M,7.0565,
MNPR,Monopar Therapeutics Inc,Common Stock,5.3,Health Care,Biotechnology,Biotechnology,$65.55M,1.62991,
VCNX,Vaccinex Inc,Common Stock,2.49,Health Care,Biotechnology,Biotechnology,$66.01M,7.32759,
ONVO,Organovo Holdings Inc,Common Stock,8.16,Health Care,Biotechnology,Biotechnology,$66.10M,7.36842,
NRBO,NeuroBo Pharmaceuticals Inc,Common Stock,3.12,Health Care,Biotechnology,Biotechnology,$66.19M,5.05051,
SYN,Synthetic Biologics Inc,Common Stock,0.5116,Health Care,Biotechnology,Biotechnology,$66.81M,1.10672,
BCTX,BriaCell Therapeutics Corp,Common Stock,4.93,Health Care,Biotechnology,Biotechnology,$67.65M,11.28668,
ADXN,Addex Therapeutics Ltd,Depository Receipt,9.0001,Health Care,Biotechnology,Biotechnology,$69.37M,-5.75812,
CWBR,Cohbar Inc,Common Stock,1.12,Health Care,Biotechnology,Biotechnology,$70.44M,-1.75439,
OPNT,Opiant Pharmaceuticals Inc,Common Stock,15.035,Health Care,Pharmaceuticals,Pharmaceuticals,$70.47M,-7.59066,
PLX,Protalix Biotherapeutics Inc,Common Stock,1.62,Health Care,Biotechnology,Biotechnology,$70.61M,4.51613,
SLNO,Soleno Therapeutics Inc,Common Stock,0.9207,Health Care,Biotechnology,Biotechnology,$71.44M,2.79111,Very Bearish
LIFE,aTyr Pharma Inc,Common Stock,4.58,Health Care,Biotechnology,Biotechnology,$71.49M,2.92135,
LOWLF,Lowell Farms Inc,Common Stock,1.21,Health Care,Pharmaceuticals,Pharmaceuticals,$71.54M,14.15094,
SCPS,Scopus BioPharma Inc,Common Stock,4.73,Health Care,Biotechnology,Biotechnology,$71.56M,3.95604,
CDTX,Cidara Therapeutics Inc,Common Stock,1.52,Health Care,Biotechnology,Biotechnology,$72.44M,1.33333,
TCON,TRACON Pharmaceuticals Inc,Common Stock,3.83,Health Care,Biotechnology,Biotechnology,$73.36M,1.32275,
MTCR,Metacrine Inc,Common Stock,2.96,Health Care,Biotechnology,Biotechnology,$75.83M,3.13589,
ICCC,ImmuCell Corp,Common Stock,10.0849,Health Care,Biotechnology,Biotechnology,$75.85M,2.85467,
AIKI,Alkido Pharma Inc,Common Stock,0.8834,Health Care,Biotechnology,Biotechnology,$76.46M,3.44262,
MITO,Stealth BioTherapeutics Corp,Depository Receipt,1.36,Health Care,Biotechnology,Biotechnology,$77.01M,0.74074,
CBLI,Cleveland BioLabs Inc,Common Stock,4.99,Health Care,Biotechnology,Biotechnology,$77.19M,,
TBPMF,Tetra Bio-Pharma Inc,Common Stock,0.2029,Health Care,Pharmaceuticals,Pharmaceuticals,$78.26M,4.10467,
ONTX,Onconova Therapeutics Inc,Common Stock,5.29,Health Care,Pharmaceuticals,Pharmaceuticals,$78.91M,5.8,
INTI,Inhibitor Therapeutics Inc,Common Stock,0.22,Health Care,Biotechnology,Biotechnology,$78.97M,4.71204,
NERV,Minerva Neurosciences Inc,Common Stock,1.91,Health Care,Biotechnology,Biotechnology,$79.04M,3.24324,
REPH,Recro Pharma Inc,Common Stock,1.79,Health Care,Pharmaceuticals,Pharmaceuticals,$79.82M,-0.55556,Very Bearish
CLBS,Caladrius Biosciences Inc,Common Stock,1.36,Health Care,Biotechnology,Biotechnology,$80.32M,0.74074,
CRVS,Corvus Pharmaceuticals Inc,Common Stock,2.18,Health Care,Biotechnology,Biotechnology,$80.45M,3.80952,Bearish
LPTX,Leap Therapeutics Inc,Common Stock,1.41,Health Care,Biotechnology,Biotechnology,$80.56M,4.44444,Bearish
APVO,Aptevo Therapeutics Inc,Common Stock,19.39,Health Care,Biotechnology,Biotechnology,$81.35M,6.07221,
TLSA,Tiziana Life Sciences PLC,Depository Receipt,2.01,Health Care,Biotechnology,Biotechnology,$81.35M,-3.82775,
LYRA,Lyra Therapeutics Inc,Common Stock,6.63,Health Care,Pharmaceuticals,Pharmaceuticals,$81.65M,5.57325,
MACK,Merrimack Pharmaceuticals Inc,Common Stock,6.39,Health Care,Biotechnology,Biotechnology,$82.61M,3.73377,
VYNT,Vyant Bio Inc,Common Stock,2.98,Health Care,Biotechnology,Biotechnology,$82.61M,4.5614,
RZLT,Rezolute Inc,Common Stock,10.28,Health Care,Biotechnology,Biotechnology,$82.89M,3.57683,
CANSF,Willow Biosciences Inc,Common Stock,0.69754,Health Care,Biotechnology,Biotechnology,$83.21M,3.55404,
DBCCF,Decibel Cannabis Co Inc,Common Stock,0.2447,Health Care,Pharmaceuticals,Pharmaceuticals,$83.40M,2.47069,
ALID,Allied Corp,Common Stock,1.03,Health Care,Pharmaceuticals,Pharmaceuticals,$83.52M,-0.96154,
OPGN,OpGen Inc,Common Stock,2.25,Health Care,Biotechnology,Biotechnology,$84.19M,2.27273,
ONCS,OncoSec Medical Inc,Common Stock,2.36,Health Care,Biotechnology,Biotechnology,$84.25M,9.76744,Bearish
SLGWF,Slang Worldwide Inc,Common Stock,0.1836,Health Care,Pharmaceuticals,Pharmaceuticals,$84.60M,8.63905,
ARAV,Aravive Inc,Common Stock,4.34,Health Care,Biotechnology,Biotechnology,$85.13M,5.59611,
LMNL,Liminal BioSciences Inc,Common Stock,2.93,Health Care,Biotechnology,Biotechnology,$85.34M,2.80702,
GRYN,Green Hygienics Holdings Inc,Common Stock,1.9,Health Care,Pharmaceuticals,Pharmaceuticals,$85.60M,-2.06186,
PPBT,Purple Biotech Ltd,Depository Receipt,4.94,Health Care,Pharmaceuticals,Pharmaceuticals,$85.79M,1.43737,
GRAY,Graybug Vision Inc,Common Stock,4.24,Health Care,Pharmaceuticals,Pharmaceuticals,$86.54M,3.16302,
MEDIF,Medipharm Labs Corp,Common Stock,0.33736,Health Care,Pharmaceuticals,Pharmaceuticals,$86.71M,2.54103,
TARA,Protara Therapeutics Inc,Common Stock,8.11,Health Care,Biotechnology,Biotechnology,$87.02M,4.64516,
AZYO,Aziyo Biologics Inc,Common Stock,8.14,Health Care,Biotechnology,Biotechnology,$87.45M,-4.79532,
APM,Aptorum Group Ltd,Common Stock,2.615,Health Care,Biotechnology,Biotechnology,$87.93M,1.75097,
YMTX,Yumanity Therapeutics Inc,Common Stock,9.13,Health Care,Biotechnology,Biotechnology,$88.15M,5.6713,
ELDN,Eledon Pharmaceuticals Inc,Common Stock,6.24,Health Care,Biotechnology,Biotechnology,$88.42M,0.97087,
CRTPF,Cardiol Therapeutics Inc,Common Stock,2.07,Health Care,Pharmaceuticals,Pharmaceuticals,$89.37M,-0.52859,
CLSN,Celsion Corp,Common Stock,1.06,Health Care,Biotechnology,Biotechnology,$90.02M,1.92308,
MBRX,Moleculin Biotech Inc,Common Stock,3.19,Health Care,Biotechnology,Biotechnology,$90.17M,0.63091,
APRE,Aprea Therapeutics Inc,Common Stock,4.51,Health Care,Biotechnology,Biotechnology,$90.26M,5.86854,
AEZS,AEterna Zentaris Inc,Common Stock,0.7748,Health Care,Biotechnology,Biotechnology,$91.73M,2.33787,
ERYP,Erytech Pharma SA,Depository Receipt,4.235,Health Care,Biotechnology,Biotechnology,$92.25M,-7.93478,
ALRN,Aileron Therapeutics Inc,Common Stock,1.03,Health Care,Biotechnology,Biotechnology,$93.04M,0,
CNTMF,Cansortium Inc,Common Stock,0.84,Health Care,Pharmaceuticals,Pharmaceuticals,$93.32M,2.43902,
AIM,Aim Immunotech Inc,Common Stock,2,Health Care,Biotechnology,Biotechnology,$94.71M,1.0101,
ACST,Acasti Pharma Inc,Common Stock,0.4657,Health Care,Pharmaceuticals,Pharmaceuticals,$95.31M,1.8146,
ARMP,Armata Pharmaceuticals Inc,Common Stock,3.85,Health Care,Biotechnology,Biotechnology,$96.89M,-0.9009,
OGEN,Oragenics Inc,Common Stock,0.7924,Health Care,Biotechnology,Biotechnology,$97.00M,-5.53171,
XPHYF,XPhyto Therapeutics Corp,Common Stock,1.4192,Health Care,Pharmaceuticals,Pharmaceuticals,$97.20M,1.37143,
SHWZ,Medicine Man Technologies Inc,Common Stock,2.38,Health Care,Pharmaceuticals,Pharmaceuticals,$97.36M,3.47826,
AVTBF,Avant Brands Inc,Common Stock,0.5,Health Care,Pharmaceuticals,Pharmaceuticals,$97.72M,2.04082,
BPTS,Biophytis SA,Depository Receipt,8.6,Health Care,Biotechnology,Biotechnology,$97.91M,,
ISR,IsoRay Inc,Common Stock,0.7061,Health Care,Biotechnology,Biotechnology,$98.26M,1.65563,
ARPO,Aerpio Pharmaceuticals Inc,Common Stock,2.16,Health Care,Pharmaceuticals,Pharmaceuticals,$98.28M,4.34783,
GANX,Gain Therapeutics Inc,Common Stock,8.3,Health Care,Biotechnology,Biotechnology,$98.58M,0,
OTIC,Otonomy Inc,Common Stock,1.75,Health Care,Pharmaceuticals,Pharmaceuticals,$99.08M,0,Very Bearish
LJPC,La Jolla Pharmaceutical Co,Common Stock,3.74,Health Care,Biotechnology,Biotechnology,$99.17M,3.60111,Very Bearish
PCSA,Processa Pharmaceuticals Inc,Common Stock,6.36,Health Care,Pharmaceuticals,Pharmaceuticals,$100.74M,-2.00308,
ETTX,Entasis Therapeutics Holdings Inc,Common Stock,2.38,Health Care,Biotechnology,Biotechnology,$100.89M,2.80778,
FSTX,F-star Therapeutics Inc,Common Stock,5.3,Health Care,Biotechnology,Biotechnology,$102.45M,0.18904,
FWP,Forward Pharma A/S,Depository Receipt,14.33,Health Care,Biotechnology,Biotechnology,$102.48M,-3.63147,
PSTI,Pluristem Therapeutics Inc,Common Stock,3.41,Health Care,Biotechnology,Biotechnology,$102.84M,5.24691,Bearish
NYMX,Nymox Pharmaceutical Corp,Common Stock,1.54,Health Care,Biotechnology,Biotechnology,$103.11M,17.55725,
AGRX,Agile Therapeutics Inc,Common Stock,1.21,Health Care,Pharmaceuticals,Pharmaceuticals,$103.23M,9.00901,
AYTU,Aytu BioPharma Inc,Common Stock,4.14,Health Care,Pharmaceuticals,Pharmaceuticals,$103.45M,0.72993,
GLYC,GlycoMimetics Inc,Common Stock,2.05,Health Care,Biotechnology,Biotechnology,$104.11M,1.48515,Neutral
PRPH,ProPhase Labs Inc,Common Stock,7.35,Health Care,Pharmaceuticals,Pharmaceuticals,$105.02M,6.06061,
CNCE,Concert Pharmaceuticals Inc,Common Stock,3.46,Health Care,Biotechnology,Biotechnology,$105.53M,5.4878,Bearish
EVAX,Evaxion Biotech A/S,Depository Receipt,5.45,Health Care,Biotechnology,Biotechnology,$105.59M,-0.90909,
AXIM,AXIM Biotechnologies Inc,Common Stock,0.755,Health Care,Pharmaceuticals,Pharmaceuticals,$105.67M,-7.92683,
CAPR,Capricor Therapeutics Inc,Common Stock,4.78,Health Care,Biotechnology,Biotechnology,$106.15M,3.01724,
ROMJF,Rubicon Organics Inc,Common Stock,1.99,Health Care,Pharmaceuticals,Pharmaceuticals,$106.72M,3.64583,
GLTO,Galecto Inc,Common Stock,4.46,Health Care,Biotechnology,Biotechnology,$107.11M,5.18868,
DYAI,Dyadic International Inc,Common Stock,3.4,Health Care,Biotechnology,Biotechnology,$107.19M,-12.5964,
COCP,Cocrystal Pharma Inc,Common Stock,1.1,Health Care,Pharmaceuticals,Pharmaceuticals,$107.22M,0,
IFRX,InflaRx NV,Common Stock,2.55,Health Care,Biotechnology,Biotechnology,$108.72M,2.82258,
NCNA,NuCana Plc,Depository Receipt,2.11,Health Care,Biotechnology,Biotechnology,$110.06M,0,
CMPI,Checkmate Pharmaceuticals Inc,Common Stock,5.09,Health Care,Biotechnology,Biotechnology,$110.29M,-0.19608,
GNCA,Genocea Biosciences Inc,Common Stock,2.03,Health Care,Biotechnology,Biotechnology,$110.50M,0,
NBSE,NeuBase Therapeutics Inc,Common Stock,3.54,Health Care,Biotechnology,Biotechnology,$111.24M,4.11765,
MDWD,MediWound Ltd,Common Stock,3.99,Health Care,Pharmaceuticals,Pharmaceuticals,$111.70M,-2.68293,Very Bearish
EYEN,Eyenovia Inc,Common Stock,4.37,Health Care,Pharmaceuticals,Pharmaceuticals,$111.96M,0.92379,
KZIA,Kazia Therapeutics Ltd,Depository Receipt,9.14,Health Care,Biotechnology,Biotechnology,$112.29M,2.69663,
LGVN,Longeveron INC,Common Stock,6.14,Health Care,Biotechnology,Biotechnology,$112.39M,3.71622,
RGC,Regencell Bioscience Holding Ltd,Common Stock,9.11,Health Care,Pharmaceuticals,Pharmaceuticals,$113.78M,1.22222,
EVGN,Evogene Ltd,Common Stock,2.94,Health Care,Biotechnology,Biotechnology,$113.97M,4.25532,
MEDXF,Medexus Pharmaceuticals Inc,Common Stock,6.03,Health Care,Pharmaceuticals,Pharmaceuticals,$114.87M,0.66778,
PTN,Palatin Technologies Inc.,Common Stock,0.514,Health Care,Biotechnology,Biotechnology,$115.05M,2.77944,
VYGR,Voyager Therapeutics Inc,Common Stock,3.23,Health Care,Biotechnology,Biotechnology,$116.20M,4.87013,
NXGWF,Next Green Wave Holdings Inc,Common Stock,0.62475,Health Care,Pharmaceuticals,Pharmaceuticals,$116.22M,-0.54919,
LPCN,Lipocine Inc,Common Stock,1.34,Health Care,Pharmaceuticals,Pharmaceuticals,$116.54M,1.51515,
SLHG,Skylight Health Group Inc,Common Stock,3.29,Health Care,Pharmaceuticals,Pharmaceuticals,$116.67M,1.85759,
ORGS,Orgenesis Inc,Common Stock,4.99,Health Care,Biotechnology,Biotechnology,$117.01M,4.39331,
VBLT,Vascular Biogenics Ltd,Common Stock,2.02,Health Care,Biotechnology,Biotechnology,$117.34M,-5.16432,
LOVFF,Cannara Biotech Inc,Common Stock,0.1404,Health Care,Pharmaceuticals,Pharmaceuticals,$117.89M,4.38662,
HEPA,Hepion Pharmaceuticals Inc,Common Stock,1.56,Health Care,Pharmaceuticals,Pharmaceuticals,$118.15M,0.64516,
ELOX,Eloxx Pharmaceuticals Inc,Common Stock,1.39,Health Care,Pharmaceuticals,Pharmaceuticals,$118.88M,0.72464,
XCUR,Exicure Inc,Common Stock,1.39,Health Care,Biotechnology,Biotechnology,$119.67M,2.20588,
BCLI,Brainstorm Cell Therapeutics,Common Stock,3.57,Health Care,Biotechnology,Biotechnology,$120.94M,7.20721,
IMV,IMV Inc,Common Stock,1.74,Health Care,Biotechnology,Biotechnology,$122.03M,-3.33333,
ENTX,Entera Bio Ltd,Common Stock,5.21,Health Care,Biotechnology,Biotechnology,$122.21M,1.36187,
GDNSF,Goodness Growth Holdings Inc,Common Stock,1.585,Health Care,Pharmaceuticals,Pharmaceuticals,$122.85M,-0.31447,
ONCY,Oncolytics Biotech Inc,Common Stock,2.4,Health Care,Biotechnology,Biotechnology,$123.48M,2.5641,
AQST,Aquestive Therapeutics Inc,Common Stock,3.51,Health Care,Pharmaceuticals,Pharmaceuticals,$123.68M,3.84615,
LQDA,Liquidia Corp,Common Stock,2.45,Health Care,Pharmaceuticals,Pharmaceuticals,$123.70M,2.94118,
ABEO,Abeona Therapeutics Inc,Common Stock,1.28,Health Care,Biotechnology,Biotechnology,$123.77M,2.4,
EVFM,Evofem Biosciences Inc,Common Stock,0.8802,Health Care,Pharmaceuticals,Pharmaceuticals,$125.82M,5.12361,
AXLA,Axcella Health Inc,Common Stock,3.63,Health Care,Biotechnology,Biotechnology,$125.99M,8.68263,
TGODF,The Green Organic Dutchman Holdings Ltd,Common Stock,0.254,Health Care,Pharmaceuticals,Pharmaceuticals,$129.29M,3.74122,
CBIO,Catalyst Biosciences Inc,Common Stock,4.32,Health Care,Biotechnology,Biotechnology,$129.79M,4.34783,
IPIX,Innovation Pharmaceuticals Inc,Common Stock,0.315,Health Care,Biotechnology,Biotechnology,$130.14M,5,
RVVTF,Revive Therapeutics Ltd,Common Stock,0.4121,Health Care,Pharmaceuticals,Pharmaceuticals,$130.64M,-2.70793,
ODT,Odonate Therapeutics Inc,Common Stock,3.43,Health Care,Pharmaceuticals,Pharmaceuticals,$130.92M,0.88235,Bearish
CYCN,Cyclerion Therapeutics Inc,Common Stock,3.36,Health Care,Biotechnology,Biotechnology,$130.96M,3.7037,
ETON,Eton Pharmaceuticals Inc,Common Stock,5.53,Health Care,Pharmaceuticals,Pharmaceuticals,$132.10M,2.5974,
ITRM,Iterum Therapeutics plc,Common Stock,0.7438,Health Care,Pharmaceuticals,Pharmaceuticals,$132.74M,0.37787,
MDNA,Medicenna Therapeutics Corp,Common Stock,2.53,Health Care,Biotechnology,Biotechnology,$133.22M,2.01613,
PYPD,PolyPid Ltd,Common Stock,7.24,Health Care,Pharmaceuticals,Pharmaceuticals,$133.84M,1.40056,
ANIX,Anixa Biosciences Inc,Common Stock,4.81,Health Care,Biotechnology,Biotechnology,$134.48M,7.12695,
INFI,Infinity Pharmaceuticals Inc,Common Stock,2.45,Health Care,Biotechnology,Biotechnology,$134.74M,61.18421,Neutral
SLS,SELLAS Life Sciences Group Inc,Common Stock,8.81,Health Care,Biotechnology,Biotechnology,$134.93M,3.64706,
LOGC,LogicBio Therapeutics Inc,Common Stock,4.23,Health Care,Biotechnology,Biotechnology,$135.07M,0.71429,
PHGE,BiomX Inc,Common Stock,4.67,Health Care,Biotechnology,Biotechnology,$135.62M,-2.9106,
CLXT,Calyxt Inc,Common Stock,3.78,Health Care,Biotechnology,Biotechnology,$135.78M,3.56164,Very Bearish
ENLV,Enlivex Therapeutics Ltd,Common Stock,7.7,Health Care,Biotechnology,Biotechnology,$136.01M,3.63392,
TLLTF,TILT Holdings Inc,Common Stock,0.451,Health Care,Pharmaceuticals,Pharmaceuticals,$136.09M,7.12589,
ATNM,Actinium Pharmaceuticals Inc,Common Stock,6.97,Health Care,Biotechnology,Biotechnology,$136.52M,3.10651,
XFOR,X4 Pharmaceuticals Inc,Common Stock,5.79,Health Care,Biotechnology,Biotechnology,$136.96M,4.70163,
GNPX,Genprex Inc,Common Stock,3.01,Health Care,Biotechnology,Biotechnology,$137.36M,3.7931,
OPTN,Optinose Inc,Common Stock,2.71,Health Care,Pharmaceuticals,Pharmaceuticals,$138.09M,4.23077,Bearish
ASMB,Assembly Biosciences Inc,Common Stock,3.54,Health Care,Biotechnology,Biotechnology,$138.14M,2.90698,
YCBD,cbdMD Inc,Common Stock,2.59,Health Care,Pharmaceuticals,Pharmaceuticals,$138.22M,5.71429,
VYNE,VYNE Therapeutics Inc,Common Stock,2.72,Health Care,Pharmaceuticals,Pharmaceuticals,$139.26M,0.369,
LTRN,Lantern Pharma Inc,Common Stock,12.91,Health Care,Biotechnology,Biotechnology,$140.66M,2.62321,
VRDN,Viridian Therapeutics Inc,Common Stock,16.8,Health Care,Biotechnology,Biotechnology,$140.78M,0.5988,
MTNB,Matinas BioPharma Holdings Inc,Common Stock,0.7265,Health Care,Biotechnology,Biotechnology,$140.96M,5.28986,
ACRX,AcelRx Pharmaceuticals Inc,Common Stock,1.2,Health Care,Pharmaceuticals,Pharmaceuticals,$141.73M,0.84034,Very Bearish
SCYX,SCYNEXIS Inc,Common Stock,7.32,Health Care,Pharmaceuticals,Pharmaceuticals,$142.35M,6.08696,
ATBPF,Antibe Therapeutics Inc,Common Stock,2.72,Health Care,Pharmaceuticals,Pharmaceuticals,$142.45M,-1.44928,
CALA,Calithera Biosciences Inc,Common Stock,1.99,Health Care,Biotechnology,Biotechnology,$142.91M,3.10881,Bearish
GNFT,Genfit SA,Depository Receipt,3.8001,Health Care,Biotechnology,Biotechnology,$143.00M,3.26359,
IMRA,Imara Inc,Common Stock,5.77,Health Care,Pharmaceuticals,Pharmaceuticals,$143.95M,4.71869,
QLI,Qilian International Holding Group Ltd,Common Stock,4.34,Health Care,Pharmaceuticals,Pharmaceuticals,$144.07M,7.69231,
AYLA,Ayala Pharmaceuticals Inc,Common Stock,11.7,Health Care,Biotechnology,Biotechnology,$144.99M,6.84932,
SVRA,Savara Inc,Common Stock,1.31,Health Care,Biotechnology,Biotechnology,$146.60M,1.55039,
MMNFF,MedMen Enterprises Inc,Common Stock,0.2425,Health Care,Pharmaceuticals,Pharmaceuticals,$147.15M,14.92891,
CATB,Catabasis Pharmaceuticals Inc,Common Stock,1.71,Health Care,Biotechnology,Biotechnology,$147.83M,2.39521,
LBPH,Longboard Pharmaceuticals Inc,Common Stock,9.21,Health Care,Pharmaceuticals,Pharmaceuticals,$149.25M,6.22837,
SIOX,Sio Gene Therapies Inc,Common Stock,2.11,Health Care,Biotechnology,Biotechnology,$150.25M,-2.31481,
SCPH,scPharmaceuticals Inc,Common Stock,5.72,Health Care,Pharmaceuticals,Pharmaceuticals,$150.45M,4,Neutral
NOVN,Novan Inc,Common Stock,8.04,Health Care,Pharmaceuticals,Pharmaceuticals,$151.02M,0.12453,
ENSC,Ensysce Biosciences Inc,Common Stock,6.25,Health Care,Biotechnology,Biotechnology,$152.14M,0.16026,
BLRX,Bioline RX Ltd,Depository Receipt,3.28,Health Care,Biotechnology,Biotechnology,$154.12M,0.6135,
GALT,Galectin Therapeutics Inc,Common Stock,2.7,Health Care,Biotechnology,Biotechnology,$154.53M,1.50376,
ADMP,Adamis Pharmaceuticals Corp,Common Stock,1.03,Health Care,Pharmaceuticals,Pharmaceuticals,$154.84M,-0.96154,
TTOO,T2 Biosystems Inc,Common Stock,1.06,Health Care,Biotechnology,Biotechnology,$156.11M,1.92308,
CFRX,ContraFect Corp,Common Stock,4.18,Health Care,Biotechnology,Biotechnology,$156.15M,5.28967,
LRMR,Larimar Therapeutics Inc,Common Stock,10.64,Health Care,Biotechnology,Biotechnology,$158.60M,3.10078,
ARDX,Ardelyx Inc,Common Stock,1.73,Health Care,Biotechnology,Biotechnology,$158.92M,7.45342,Very Bearish
AGTC,Applied Genetic Technologies Corp,Common Stock,3.77,Health Care,Biotechnology,Biotechnology,$159.90M,0.80214,Bearish
MIST,Milestone Pharmaceuticals USA Inc,Common Stock,5.48,Health Care,Pharmaceuticals,Pharmaceuticals,$162.66M,0.55046,
ORPH,Orphazyme A/S,Depository Receipt,4.95,Health Care,Biotechnology,Biotechnology,$163.08M,5.31915,
HTBX,Heat Biologics Inc,Common Stock,6.6,Health Care,Biotechnology,Biotechnology,$163.31M,4.2654,
ANEB,Anebulo Pharmaceuticals Inc,Common Stock,7.1248,Health Care,Pharmaceuticals,Pharmaceuticals,$163.42M,1.78286,
CASI,CASI Pharmaceuticals Inc,Common Stock,1.18,Health Care,Biotechnology,Biotechnology,$163.56M,0.8547,
VTVT,vTv Therapeutics Inc,Common Stock,2.02,Health Care,Biotechnology,Biotechnology,$164.08M,2.53807,
OBSV,ObsEva SA,Common Stock,2.63,Health Care,Biotechnology,Biotechnology,$165.18M,-8.36237,
CBWTF,Auxly Cannabis Group Inc,Common Stock,0.2028,Health Care,Pharmaceuticals,Pharmaceuticals,$167.31M,0.89552,
SGTX,Sigilon Therapeutics Inc,Common Stock,5.67,Health Care,Biotechnology,Biotechnology,$167.74M,6.57895,
STSA,Satsuma Pharmaceuticals Inc,Common Stock,5.31,Health Care,Pharmaceuticals,Pharmaceuticals,$168.05M,-0.37523,
SYBX,Synlogic Inc,Common Stock,3.26,Health Care,Biotechnology,Biotechnology,$168.10M,1.55763,
SBBP,Strongbridge Biopharma PLC,Common Stock,2.57,Health Care,Pharmaceuticals,Pharmaceuticals,$168.30M,3.21285,Neutral
PHAS,PhaseBio Pharmaceuticals Inc,Common Stock,3.56,Health Care,Biotechnology,Biotechnology,$168.31M,1.4245,
EQ,Equillium Inc,Common Stock,5.49,Health Care,Biotechnology,Biotechnology,$169.59M,-5.99315,
APTX,Aptinyx Inc,Common Stock,2.57,Health Care,Biotechnology,Biotechnology,$171.12M,2.39044,
FENC,Fennec Pharmaceuticals Inc,Common Stock,6.61,Health Care,Biotechnology,Biotechnology,$172.14M,-0.15106,Very Bearish
FRLN,Freeline Therapeutics Holdings plc,Depository Receipt,4.75,Health Care,Biotechnology,Biotechnology,$172.77M,-1.45228,
CRBP,Corbus Pharmaceuticals Holdings Inc,Common Stock,1.47,Health Care,Biotechnology,Biotechnology,$173.80M,5.7554,Very Bearish
MRKR,Marker Therapeutics Inc,Common Stock,2.19,Health Care,Biotechnology,Biotechnology,$174.33M,4.28571,
DBTX,Decibel Therapeutics Inc,Common Stock,7.21,Health Care,Biotechnology,Biotechnology,$174.81M,2.70655,
AVEO,AVEO Pharmaceuticals Inc,Common Stock,5.27,Health Care,Biotechnology,Biotechnology,$175.93M,2.92969,
CLGN,CollPlant Biotechnologies Ltd,Common Stock,16.9,Health Care,Biotechnology,Biotechnology,$178.28M,-2.7618,
BFRA,Biofrontera AG,Depository Receipt,6.25,Health Care,Biotechnology,Biotechnology,$178.66M,-0.79365,
MNOV,Medicinova Inc,Common Stock,3.79,Health Care,Biotechnology,Biotechnology,$178.98M,3.26975,
IMNM,Immunome Inc,Common Stock,16.08,Health Care,Biotechnology,Biotechnology,$179.29M,5.44262,
ELEV,Elevation Oncology Inc,Common Stock,8.195,Health Care,Biotechnology,Biotechnology,$182.80M,2.30961,
MYMD,MyMD Pharmaceuticals Inc,Common Stock,4.94,Health Care,Pharmaceuticals,Pharmaceuticals,$182.92M,-0.40323,
HCWB,HCW Biologics Inc,Common Stock,5.2294,Health Care,Biotechnology,Biotechnology,$185.30M,-3.33826,
ONCT,Oncternal Therapeutics Inc,Common Stock,4.04,Health Care,Biotechnology,Biotechnology,$186.12M,7.1618,
ZYNE,Zynerba Pharmaceuticals Inc,Common Stock,4.69,Health Care,Pharmaceuticals,Pharmaceuticals,$186.87M,3.53201,Neutral
ASLN,ASLAN Pharmaceuticals Ltd,Depository Receipt,2.91,Health Care,Biotechnology,Biotechnology,$187.71M,7.77778,
TERN,Terns Pharmaceuticals Inc,Common Stock,8.17,Health Care,Pharmaceuticals,Pharmaceuticals,$189.35M,8.35544,
CABA,Cabaletta Bio Inc,Common Stock,7.8,Health Care,Biotechnology,Biotechnology,$190.70M,1.96078,
LCI,Lannett Co Inc.,Common Stock,4.72,Health Care,Pharmaceuticals,Pharmaceuticals,$191.07M,2.38612,Bullish
GMTX,Gemini Therapeutics Inc,Common Stock,4.44,Health Care,Biotechnology,Biotechnology,$191.16M,0,
PRTG,Portage Biotech Inc,Common Stock,16.36,Health Care,Biotechnology,Biotechnology,$196.83M,0.42971,
JAGX,Jaguar Health Inc,Common Stock,1.52,Health Care,Pharmaceuticals,Pharmaceuticals,$201.86M,3.40136,
TCDA,Tricida Inc,Common Stock,4.09,Health Care,Pharmaceuticals,Pharmaceuticals,$202.10M,1.74129,
CRDF,Cardiff Oncology Inc,Common Stock,5.66,Health Care,Biotechnology,Biotechnology,$203.91M,4.23573,
LBPS,4D Pharma Plc,Depository Receipt,9.452,Health Care,Pharmaceuticals,Pharmaceuticals,$205.34M,3.74387,
UBX,Unity Biotechnology Inc,Common Stock,3.89,Health Care,Biotechnology,Biotechnology,$209.55M,1.83246,
CKPT,Checkpoint Therapeutics Inc,Common Stock,2.75,Health Care,Biotechnology,Biotechnology,$209.84M,3.77358,
BLU,BELLUS Health Inc,Common Stock,2.72,Health Care,Biotechnology,Biotechnology,$211.51M,0.74074,
ADMA,ADMA Biologics Inc,Common Stock,1.61,Health Care,Biotechnology,Biotechnology,$211.51M,-2.42424,
PIRS,Pieris Pharmaceuticals Inc,Common Stock,3.47,Health Care,Biotechnology,Biotechnology,$212.07M,3.58209,Bearish
RPHM,Reneo Pharmaceuticals Inc,Common Stock,8.67,Health Care,Biotechnology,Biotechnology,$214.20M,-1.70068,
TFFP,TFF Pharmaceuticals Inc,Common Stock,8.65,Health Care,Pharmaceuticals,Pharmaceuticals,$214.33M,2.36686,
XERS,Xeris Pharmaceuticals inc,Common Stock,3.34,Health Care,Pharmaceuticals,Pharmaceuticals,$214.35M,3.40557,
ALPN,Alpine Immune Sciences Inc,Common Stock,9.29,Health Care,Biotechnology,Biotechnology,$216.43M,2.65193,Bearish
ATNF,180 Life Sciences Corp,Common Stock,6.95,Health Care,Biotechnology,Biotechnology,$217.84M,-1.83616,
ADMS,Adamas Pharmaceuticals Inc,Common Stock,4.97,Health Care,Biotechnology,Biotechnology,$217.96M,3.54167,
OSMT,Osmotica Pharmaceuticals Plc,Common Stock,3.35,Health Care,Pharmaceuticals,Pharmaceuticals,$218.26M,-3.73563,
SNSE,Sensei Biotherapeutics Inc,Common Stock,7.53,Health Care,Biotechnology,Biotechnology,$219.93M,4.72879,
IMMP,Immutep Ltd,Depository Receipt,3.37,Health Care,Biotechnology,Biotechnology,$220.57M,-0.88235,
SPRB,Spruce Biosciences Inc,Common Stock,9.72,Health Care,Biotechnology,Biotechnology,$221.87M,2.2082,
SRRA,Sierra Oncology Inc,Common Stock,17.51,Health Care,Biotechnology,Biotechnology,$222.42M,-2.77624,
CTIC,CTI BioPharma Corp,Common Stock,2.39,Health Care,Biotechnology,Biotechnology,$223.88M,-0.41667,
GRTX,Galera Therapeutics Inc,Common Stock,9.12,Health Care,Biotechnology,Biotechnology,$225.77M,2.01342,
TCRX,TScan Therapeutics Inc,Common Stock,9.66,Health Care,Biotechnology,Biotechnology,$225.81M,0.625,
ADVM,Adverum Biotechnologies Inc,Common Stock,2.37,Health Care,Biotechnology,Biotechnology,$227.21M,2.15517,Very Bearish
KALA,Kala Pharmaceuticals Inc,Common Stock,3.7,Health Care,Pharmaceuticals,Pharmaceuticals,$228.83M,4.51977,Very Bearish
CLVR,Clever Leaves Holdings Inc,Common Stock,9.98,Health Care,Pharmaceuticals,Pharmaceuticals,$229.59M,8.36048,
BCEL,Atreca Inc,Common Stock,8.21,Health Care,Biotechnology,Biotechnology,$230.26M,7.60157,
IMUX,Immunic Inc,Common Stock,9.15,Health Care,Biotechnology,Biotechnology,$230.99M,3.97727,
TRVN,Trevena Inc,Common Stock,1.45,Health Care,Biotechnology,Biotechnology,$231.96M,2.83688,
CRMD,CorMedix Inc,Common Stock,6.25,Health Care,Pharmaceuticals,Pharmaceuticals,$232.13M,2.45902,
TYME,Tyme Technologies Inc,Common Stock,1.23,Health Care,Biotechnology,Biotechnology,$232.48M,-8.88889,
HROW,Harrow Health Inc,Common Stock,9.22,Health Care,Pharmaceuticals,Pharmaceuticals,$232.59M,5.37143,
CMPX,Compass Therapeutics Inc,Common Stock,4.6,Health Care,Biotechnology,Biotechnology,$233.47M,1.0989,
KLDO,Kaleido BioSciences Inc,Common Stock,5.95,Health Care,Pharmaceuticals,Pharmaceuticals,$233.85M,8.18182,Very Bearish
HOOK,HOOKIPA Pharma Inc,Common Stock,8.26,Health Care,Biotechnology,Biotechnology,$234.04M,5.22293,Bearish
SEEL,Seelos Therapeutics Inc,Common Stock,2.38,Health Care,Pharmaceuticals,Pharmaceuticals,$234.20M,3.47826,
NEXI,Neximmune Inc,Common Stock,10.74,Health Care,Biotechnology,Biotechnology,$234.37M,3.46821,
ACRHF,Acreage Holdings Inc,Common Stock,3.34,Health Care,Pharmaceuticals,Pharmaceuticals,$235.18M,4.375,
APTO,Aptose Biosciences Inc,Common Stock,2.7,Health Care,Biotechnology,Biotechnology,$235.70M,1.88679,Bearish
GTBP,GT Biopharma Inc,Common Stock,11.84,Health Care,Biotechnology,Biotechnology,$235.79M,6.09319,
EYPT,EyePoint Pharmaceuticals Inc,Common Stock,8.55,Health Care,Pharmaceuticals,Pharmaceuticals,$237.40M,3.5109,
ACET,Adicet Bio Inc,Common Stock,7.57,Health Care,Biotechnology,Biotechnology,$238.29M,1.06809,
COGT,Cogent Biosciences Inc,Common Stock,6.31,Health Care,Biotechnology,Biotechnology,$239.29M,1.28411,
FULC,Fulcrum Therapeutics Inc,Common Stock,7.7,Health Care,Pharmaceuticals,Pharmaceuticals,$239.54M,5.04775,Neutral
TNXP,Tonix Pharmaceuticals Holding Corp,Common Stock,0.7355,Health Care,Biotechnology,Biotechnology,$240.43M,0.72583,
KMDA,Kamada Ltd,Common Stock,5.51,Health Care,Biotechnology,Biotechnology,$243.40M,1.28676,
ACHL,Achilles Therapeutics plc,Depository Receipt,6.05,Health Care,Biotechnology,Biotechnology,$244.14M,0.66556,
IPHA,Innate Pharma SA,Depository Receipt,3.23,Health Care,Biotechnology,Biotechnology,$245.79M,3.85852,
MBIO,Mustang Bio Inc,Common Stock,2.86,Health Care,Biotechnology,Biotechnology,$247.10M,1.06007,Neutral
KZR,Kezar Life Sciences Inc,Common Stock,5.14,Health Care,Biotechnology,Biotechnology,$247.18M,0,
PRTK,Paratek Pharmaceuticals Inc,Common Stock,5.52,Health Care,Pharmaceuticals,Pharmaceuticals,$249.66M,3.7594,Very Bearish
OVID,Ovid Therapeutics Inc,Common Stock,3.8,Health Care,Biotechnology,Biotechnology,$252.92M,1.87668,Bullish
SURF,Surface Oncology Inc,Common Stock,6.22,Health Care,Biotechnology,Biotechnology,$253.63M,6.50685,Neutral
CNTG,Centogene NV,Common Stock,11.55,Health Care,Biotechnology,Biotechnology,$256.35M,-0.34513,
PDSB,PDS Biotechnology Corp,Common Stock,10.1,Health Care,Biotechnology,Biotechnology,$257.25M,8.25295,
VINC,Vincerx Inc,Common Stock,15.01,Health Care,Biotechnology,Biotechnology,$258.79M,1.62492,
ABUS,Arbutus Biopharma Corp,Common Stock,2.8,Health Care,Biotechnology,Biotechnology,$260.25M,3.7037,Bearish
CHMA,Chiasma Inc,Common Stock,4.14,Health Care,Pharmaceuticals,Pharmaceuticals,$261.84M,0,
CERC,Cerecor Inc,Common Stock,2.75,Health Care,Pharmaceuticals,Pharmaceuticals,$262.55M,0,
ENOB,Enochian Biosciences Inc,Common Stock,5.02,Health Care,Biotechnology,Biotechnology,$263.40M,-0.98619,
AMPE,Ampio Pharmaceuticals Inc,Common Stock,1.42,Health Care,Pharmaceuticals,Pharmaceuticals,$263.77M,5.97015,
INLB,Item 9 Labs Corp,Common Stock,2.89,Health Care,Pharmaceuticals,Pharmaceuticals,$264.64M,0.69686,
NXTC,NextCure Inc,Common Stock,7.21,Health Care,Biotechnology,Biotechnology,$265.23M,1.5493,
JNCE,JOUNCE THERAPEUTICS INC,Common Stock,5.42,Health Care,Biotechnology,Biotechnology,$265.26M,4.6332,Bearish
FREQ,Frequency Therapeutics Inc,Common Stock,8.02,Health Care,Biotechnology,Biotechnology,$268.96M,2.03562,Bearish
SEOVF,Sernova Corp,Common Stock,1.0496,Health Care,Biotechnology,Biotechnology,$269.04M,1.60697,
MREO,Mereo BioPharma Group Plc,Depository Receipt,2.74,Health Care,Biotechnology,Biotechnology,$269.53M,10.04016,
EIGR,Eiger BioPharmaceuticals Inc,Common Stock,8.26,Health Care,Biotechnology,Biotechnology,$269.91M,3.89937,
IBIO,iBio Inc,Common Stock,1.3,Health Care,Biotechnology,Biotechnology,$270.13M,4.83871,
CBAY,Cymabay Therapeutics Inc,Common Stock,4.1,Health Care,Pharmaceuticals,Pharmaceuticals,$273.22M,3.53535,
CTXR,Citius Pharmaceuticals Inc,Common Stock,1.98,Health Care,Pharmaceuticals,Pharmaceuticals,$274.01M,4.7619,Neutral
AVTE,Aerovate Therapeutics Inc,Common Stock,13.25,Health Care,Biotechnology,Biotechnology,$276.09M,3.54798,
SLGL,Sol Gel Technologies Ltd,Common Stock,12.09,Health Care,Pharmaceuticals,Pharmaceuticals,$276.34M,0.75,
NMTR,9 Meters Biopharma Inc,Common Stock,1.12,Health Care,Pharmaceuticals,Pharmaceuticals,$276.51M,1.81818,
MRMD,MariMed Inc,Common Stock,0.86035,Health Care,Pharmaceuticals,Pharmaceuticals,$277.51M,0.05233,
IMPL,Impel NeuroPharma Inc,Common Stock,12.66,Health Care,Biotechnology,Biotechnology,$281.35M,0.23753,
WVE,Wave Life Sciences Ltd,Common Stock,5.82,Health Care,Pharmaceuticals,Pharmaceuticals,$284.27M,3.00885,Very Bearish
SYRS,Syros Pharmaceuticals Inc,Common Stock,4.88,Health Care,Biotechnology,Biotechnology,$285.17M,5.85683,Bearish
MEIP,MEI Pharma Inc,Common Stock,2.88,Health Care,Biotechnology,Biotechnology,$285.98M,13.38583,Neutral
GMDA,Gamida Cell Ltd,Common Stock,5.23,Health Care,Biotechnology,Biotechnology,$286.15M,7.83505,
TLC,Taiwan Liposome Company Ltd,Depository Receipt,6.9,Health Care,Biotechnology,Biotechnology,$289.08M,0.43668,
INMB,INmune Bio Inc,Common Stock,17.94,Health Care,Biotechnology,Biotechnology,$290.67M,8.99149,
CLSD,Clearside Biomedical Inc,Common Stock,5.12,Health Care,Pharmaceuticals,Pharmaceuticals,$291.93M,0.98619,
CELC,Celcuity Inc,Common Stock,20.48,Health Care,Biotechnology,Biotechnology,$295.12M,0.8867,Neutral
RDHL,Redhill Biopharma Ltd,Depository Receipt,6.61,Health Care,Pharmaceuticals,Pharmaceuticals,$295.74M,4.42338,
VRCA,Verrica Pharmaceuticals Inc,Common Stock,11.1,Health Care,Pharmaceuticals,Pharmaceuticals,$295.75M,2.87303,Neutral
HITI,High Tide Inc,Common Stock,6.13,Health Care,Pharmaceuticals,Pharmaceuticals,$299.34M,4.4293,
FBIO,Fortress Biotech Inc,Common Stock,3.21,Health Care,Biotechnology,Biotechnology,$299.74M,4.22078,Neutral
AVRO,AVROBIO Inc,Common Stock,7.57,Health Care,Biotechnology,Biotechnology,$299.88M,5.43175,Bearish
,,,,,,,,,
,,,,,,,,,
,,,,,,,,,
Highlighted cells have been user-added and may not meet the criteria included in the screen.,,,,,,,,,
Fidelity does not guarantee the suitability or potential value of any particular investment or information source.,,,,,,,,,
Data and information is provided by third-parties and is for informational purposes only.,,,,,,,,,
All data is historical and is subject to revision or change at any time.,,,,,,,,,
Performance data quoted represents past performance and the return and principal value of an investment will fluctuate,,,,,,,,,
so that an investor's shares when redeemed may be worth more or less than their original cost.,,,,,,,,,
,,,,,,,,,
Fidelity Brokerage Services,,,,,,,,,
Member NYSE SIPC,,,,,,,,,
900 Salem Street,,,,,,,,,
Smithfield RI 02917,,,,,,,,,
,,,,,,,,,
,,,,,,,,,
AS OF 11:12 PM ET 07/28/2021 Quotes delayed at least 15 minutes.,,,,,,,,,
